[{"path":"\/icon.jpg","checksum":"0a1a187b9cfb1450667e6fb6757473d8"},{"path":"\/install.php","checksum":"efada56b5c6f30e3af39a0a5a89b2514"},{"path":"\/module.php","checksum":"28a005fa6e751a8a499d18aed15c7924"},{"path":"\/phoneapp.php","checksum":"311b8c021e4e8d77264ab567d920f4df"},{"path":"\/preview.jpg","checksum":"fee9458c29cdccf10af7ec01155dc7f0"},{"path":"\/site.php","checksum":"37276b780537d2e68484faa0c8e2a455"},{"path":"\/template\/admin\/banner.html","checksum":"5fd29531e51bd59e983516256ad19824"},{"path":"\/template\/admin\/cando.html","checksum":"b6b2f38e00c35efe4958a3c7cdef2aa8"},{"path":"\/template\/admin\/case.html","checksum":"118e4c50c697fdaaa55a54690b6b1cb2"},{"path":"\/template\/admin\/caseadd.html","checksum":"4253a207974366c31b699fc9554f9100"},{"path":"\/template\/admin\/casecategory.html","checksum":"20d107b78395e4c4a662aa01063ac060"},{"path":"\/template\/admin\/casecategoryadd.html","checksum":"942309f4462195b65668d91bbaf5edf9"},{"path":"\/template\/admin\/cert.html","checksum":"4cd8f5897f5af99d7cbf16d1abdb3b0d"},{"path":"\/template\/admin\/certadd.html","checksum":"76dc1ca4d488646da825e1abc2bebb24"},{"path":"\/template\/admin\/csradd.html","checksum":"99a62468752122729fa9c4406eb43909"},{"path":"\/template\/admin\/customer.html","checksum":"2881e8ad4078eef54e19b561733fd07e"},{"path":"\/template\/admin\/customeradd.html","checksum":"5927f5c457e0547a3e6ae421c6307743"},{"path":"\/template\/admin\/daili.html","checksum":"053e3c92af3eb391fd5cc43c7ed146ad"},{"path":"\/template\/admin\/development.html","checksum":"e0690320f4d958ac9b186a1d9453d82d"},{"path":"\/template\/admin\/help.html","checksum":"11145b33e76b017ca235c6feda1ba16a"},{"path":"\/template\/admin\/helpadd.html","checksum":"b179c2c0ed6730f9e0da743214e2ce97"},{"path":"\/template\/admin\/helpcategory.html","checksum":"7b4f8eafe27023af0fe6337f895b8062"},{"path":"\/template\/admin\/helpcategoryadd.html","checksum":"9e276d05ca951261fa0d29bfafeb11c2"},{"path":"\/template\/admin\/menu.html","checksum":"14c7ab277211c4401d6315aa94c95926"},{"path":"\/template\/admin\/news.html","checksum":"000eebd75ad496d93f116f7c3bb9400c"},{"path":"\/template\/admin\/newsadd.html","checksum":"7dede883b0802e46ac603b70f3dd8ca5"},{"path":"\/template\/admin\/newscategory.html","checksum":"7b4f8eafe27023af0fe6337f895b8062"},{"path":"\/template\/admin\/newscategoryadd.html","checksum":"9e276d05ca951261fa0d29bfafeb11c2"},{"path":"\/template\/admin\/otheradd.html","checksum":"e31d9ce9c67c9dcdc37586daca9dd845"},{"path":"\/template\/admin\/rukou.html","checksum":"90680bd73ae40c61357ed1e460301b91"},{"path":"\/template\/admin\/rukouadd.html","checksum":"096787c13186c3d242f07cf6a8c71993"},{"path":"\/template\/admin\/service.html","checksum":"b4db086df34f42ed42f7b4a506fad91d"},{"path":"\/template\/admin\/setting.html","checksum":"643439b49390eac3341419151c20b0bd"},{"path":"\/template\/admin\/solve.html","checksum":"528b83f22d740243c38e4afe32169781"},{"path":"\/template\/admin\/solveadd.html","checksum":"b3358951655475fc220403c714c60759"},{"path":"\/template\/admin\/solvecategory.html","checksum":"7b4f8eafe27023af0fe6337f895b8062"},{"path":"\/template\/admin\/solvecategoryadd.html","checksum":"7d1a99b1e7e2a9bb36b1214fa341c131"},{"path":"\/template\/admin\/team.html","checksum":"b3c6625137bbc3f452f6546bc9d1cff6"},{"path":"\/template\/admin\/teamadd.html","checksum":"3f10e258d9dd2c67f5f50a616c6c2b6a"},{"path":"\/template\/admin\/title.html","checksum":"7f6263339a753ced28af5cccfe2a92e0"},{"path":"\/template\/admin\/webset - \u526f\u672c.html","checksum":"86e9daf23abba7f683656db809adee02"},{"path":"\/template\/admin\/webset.html","checksum":"3c919358f174dd1dc2b1ea8900b0fc79"},{"path":"\/template\/admin\/youshi.html","checksum":"d670f19d55c496ee8d97323b660af9f4"},{"path":"\/template\/admin\/zhandian.html","checksum":"21df1a3422cf4dffa2f1e8d54f0db782"},{"path":"\/template\/admin\/zhandianadd - \u526f\u672c.html","checksum":"f5af55df2001c7149ec89499677d534e"},{"path":"\/template\/admin\/zhandianadd.html","checksum":"f5af55df2001c7149ec89499677d534e"},{"path":"\/template\/admin\/zhandianedit.html","checksum":"0c1753db0c6a5cad658027c70e87a3aa"},{"path":"\/template\/default\/about.html","checksum":"37614a171856aef1a5e11ee395c1e432"},{"path":"\/template\/default\/contact.html","checksum":"e47ca66d69cfb572a69441ee91061db6"},{"path":"\/template\/default\/customize.html","checksum":"7c1086dfd8c7bb5c20caebca99f128b1"},{"path":"\/template\/default\/daili.html","checksum":"2c56d6f1ab9f2b55f67ec2c0d28ac8ba"},{"path":"\/template\/default\/footer.html","checksum":"27d9a15e1ee0680afadf66ba01922f41"},{"path":"\/template\/default\/header.html","checksum":"c7a3cd8f416b4a5c6602cd12a629f86d"},{"path":"\/template\/default\/help.html","checksum":"989845e6270f43b2b7dcf761ca8563e3"},{"path":"\/template\/default\/help_detail.html","checksum":"af2bf88b17380edf99d20a78298de620"},{"path":"\/template\/default\/index.html","checksum":"e9190e6df73e736609c69e50112ab7d3"},{"path":"\/template\/default\/news.html","checksum":"219dbfffb8d6f600122782ca80eb5102"},{"path":"\/template\/default\/news_detail.html","checksum":"51978384563edd964c91946e3fcba11c"},{"path":"\/template\/default\/solve_program.html","checksum":"fa15340b9665e434d8387a7243da5274"},{"path":"\/template\/default\/solve_program_detail.html","checksum":"328406dcd22d54a65a86ab4ff507deb4"},{"path":"\/template\/default\/xiaochengxu.html","checksum":"e9f777ebe046b0f521341321676269b7"},{"path":"\/template\/error.html","checksum":"ed063ca0ccf1b7893c608ceb38617af9"},{"path":"\/template\/findpassword2.html","checksum":"bfaee7880de3260692b52555bbdffa66"},{"path":"\/template\/findpassword4.html","checksum":"b7c935c77cda09489fdc101cc5bb1f4f"},{"path":"\/template\/login1.html","checksum":"677b82e34867f46d8e76e4ea812ea0a9"},{"path":"\/template\/login2.html","checksum":"94dc79dafad91939aafe709d70fdf811"},{"path":"\/template\/login3.html","checksum":"3f584899dcdff0badc6aba34a865772d"},{"path":"\/template\/login4.html","checksum":"cccd1e307e3f71dfb056700a0be5d768"},{"path":"\/template\/login5.html","checksum":"78d03063a0331610e512b7d0867597e6"},{"path":"\/template\/login5.html2","checksum":"e84a85403ce5427d80cba2fc626e6aba"},{"path":"\/template\/login6.html","checksum":"993ff8de8d3ea7cda11546f53008959f"},{"path":"\/template\/loginstyle1\/css\/demo.css","checksum":"2ea5db1420d72e15756ded640dc75a44"},{"path":"\/template\/loginstyle1\/css\/img\/videooverlay1.png","checksum":"9d66aed314685d467ea0985495425821"},{"path":"\/template\/loginstyle1\/css\/jquery.vidbacking.css","checksum":"d93f2a9da01c1aa3e4495dfc86438012"},{"path":"\/template\/loginstyle1\/css\/normalize.css","checksum":"4919050614d0e61ec8f95cb19a8beefa"},{"path":"\/template\/loginstyle1\/css\/style2.css","checksum":"4e8da498157fc8b70a184062fc8b4934"},{"path":"\/template\/loginstyle1\/js\/jquery-1.11.0.min.js","checksum":"72440ebabf3a73a75a3f862cf71e2338"},{"path":"\/template\/loginstyle1\/js\/jquery.vidbacking.js","checksum":"af5f75b3f9a12eda25ff1fdf2b99b5ed"},{"path":"\/template\/loginstyle1\/qqlogin.png","checksum":"925d5fec4668515a01fb81ca276be9a2"},{"path":"\/template\/loginstyle1\/Rallye.mp4","checksum":"9d3ee56c54e4fe5ab3fe9de40d90d048"},{"path":"\/template\/loginstyle1\/screenshot1.jpg","checksum":"eeed4994c0344d94519cffd716cea43f"},{"path":"\/template\/loginstyle1\/wxlogin.png","checksum":"c66ec51757571ad76a4043794b07e016"},{"path":"\/template\/loginstyle2\/css\/style - \u526f\u672c.css","checksum":"0f1a81a0d7cc548abf9def83ea0c3e3d"},{"path":"\/template\/loginstyle2\/css\/style.css","checksum":"0f1a81a0d7cc548abf9def83ea0c3e3d"},{"path":"\/template\/loginstyle2\/js\/jquery.js","checksum":"fbcf7a1673e2fe0e96dfffb592e65a2d"},{"path":"\/template\/loginstyle2\/js\/Particleground.js","checksum":"d99650cd24de91700bf7a3bfbf3450bb"},{"path":"\/template\/loginstyle2\/js\/verificationNumbers.js","checksum":"8e6609c993fcb56e702a2ca24782ff70"},{"path":"\/template\/loginstyle3\/bg-login.jpg","checksum":"b3571a05fdd7b0c0937bd21024c60859"},{"path":"\/template\/loginstyle3\/bg-login.png","checksum":"6aef336776c331b1528091f39799e393"},{"path":"\/template\/loginstyle3\/css\/demo.css","checksum":"2ea5db1420d72e15756ded640dc75a44"},{"path":"\/template\/loginstyle3\/css\/img\/videooverlay1.png","checksum":"9d66aed314685d467ea0985495425821"},{"path":"\/template\/loginstyle3\/css\/jquery.vidbacking.css","checksum":"d93f2a9da01c1aa3e4495dfc86438012"},{"path":"\/template\/loginstyle3\/css\/normalize.css","checksum":"4919050614d0e61ec8f95cb19a8beefa"},{"path":"\/template\/loginstyle3\/css\/style2.css","checksum":"633aa0dd9f43bfb8f19b298d9477c71e"},{"path":"\/template\/loginstyle3\/js\/jquery-1.11.0.min.js","checksum":"72440ebabf3a73a75a3f862cf71e2338"},{"path":"\/template\/loginstyle3\/js\/jquery.vidbacking.js","checksum":"af5f75b3f9a12eda25ff1fdf2b99b5ed"},{"path":"\/template\/loginstyle3\/qqlogin.png","checksum":"925d5fec4668515a01fb81ca276be9a2"},{"path":"\/template\/loginstyle3\/Rallye.mp4","checksum":"9d3ee56c54e4fe5ab3fe9de40d90d048"},{"path":"\/template\/loginstyle3\/screenshot1.jpg","checksum":"eeed4994c0344d94519cffd716cea43f"},{"path":"\/template\/loginstyle3\/wxlogin.png","checksum":"c66ec51757571ad76a4043794b07e016"},{"path":"\/template\/loginstyle4\/css\/style.css","checksum":"d30a411f44fe7df0cc391bae1044a4a4"},{"path":"\/template\/loginstyle4\/images\/login-bg.png","checksum":"f9322569e1c1c48548a660dbfe766973"},{"path":"\/template\/loginstyle4\/images\/logo.png","checksum":"33ff87d5b73e37ea9bd9813de0d6ba40"},{"path":"\/template\/loginstyle4\/images\/yzmimg.png","checksum":"35b43be9741385f53f43fed75aaee760"},{"path":"\/template\/loginstyle5\/css\/style.css","checksum":"d30c28348d59ab7e936017e971ee17dc"},{"path":"\/template\/loginstyle5\/images\/login-bg.png","checksum":"e523cf58abc4001bc701dcdbb4f370a7"},{"path":"\/template\/loginstyle5\/images\/logo.png","checksum":"19a632591070b168200189fb5e0062a3"},{"path":"\/template\/loginstyle5\/images\/screenshot1.jpg","checksum":"eeed4994c0344d94519cffd716cea43f"},{"path":"\/template\/loginstyle5\/images\/yzmimg.png","checksum":"35b43be9741385f53f43fed75aaee760"},{"path":"\/template\/loginstyle6\/css\/bootstrap.min.css","checksum":"f5788fb5cfd7793dbc88d6e7a0635a84"},{"path":"\/template\/loginstyle6\/css\/img\/glyphicons-halflings-regular.eot","checksum":"f4769f9bdb7466be65088239c12046d1"},{"path":"\/template\/loginstyle6\/css\/img\/glyphicons-halflings-regular.ttf","checksum":"e18bbf611f2a2e43afc071aa2f4e1512"},{"path":"\/template\/loginstyle6\/css\/img\/glyphicons-halflings-regular.woff","checksum":"fa2772327f55d8198301fdb8bcfc8158"},{"path":"\/template\/loginstyle6\/css\/main.css","checksum":"32fc957e05578cf31545ce97fbc5db2a"},{"path":"\/template\/loginstyle6\/css\/overlay.css","checksum":"23b6f2dcc8557c94e2a4520540b684c4"},{"path":"\/template\/loginstyle6\/images\/img\/bg.jpg","checksum":"02bdf7e92235913d57fdd1faa13b582e"},{"path":"\/template\/loginstyle6\/images\/img\/wechat.png","checksum":"de19f26e3bf85b8b88467e096b00de77"},{"path":"\/template\/loginstyle6\/js\/bootstrap.min.js","checksum":"2f71c9c745a932170f51d4994dc59a0e"},{"path":"\/template\/loginstyle6\/js\/jquery.min.js","checksum":"a4c505e1652794b6a5b1e3c5c1b7f423"},{"path":"\/template\/moban\/readme.txt","checksum":"6c138f7190b5ce23a0fdebf1b3b53cc1"},{"path":"\/template\/mobile\/default\/about.html","checksum":"51eb33b37a36df6d48865da05961382d"},{"path":"\/template\/mobile\/default\/contact.html","checksum":"4be9c352cc25594daaa65b5d109b778a"},{"path":"\/template\/mobile\/default\/customize.html","checksum":"68e22d2374884a3cdfdeec927c94a595"},{"path":"\/template\/mobile\/default\/daili.html","checksum":"530176f2e87ca78af2f22c97b82653e5"},{"path":"\/template\/mobile\/default\/footer.html","checksum":"0c53dca56994d8c314f425e058f28c60"},{"path":"\/template\/mobile\/default\/header.html","checksum":"c7a3cd8f416b4a5c6602cd12a629f86d"},{"path":"\/template\/mobile\/default\/help.html","checksum":"08ab4b906b56fbdf5f79f352e2d4f619"},{"path":"\/template\/mobile\/default\/help_detail.html","checksum":"28bea0edf79a84b15065b28df9ed8743"},{"path":"\/template\/mobile\/default\/index.html","checksum":"e9190e6df73e736609c69e50112ab7d3"},{"path":"\/template\/mobile\/default\/news.html","checksum":"650f91eb186e4de7e1e79bb5224e3644"},{"path":"\/template\/mobile\/default\/news_detail.html","checksum":"ae97fae3c35ab7629be5c5ef9b38166a"},{"path":"\/template\/mobile\/default\/solve_program.html","checksum":"9955466bcfcd7786ce5c0c742847a125"},{"path":"\/template\/mobile\/default\/solve_program_detail.html","checksum":"5d233d8ceb4c79a33a0556d1874a5a61"},{"path":"\/template\/mobile\/default\/xiaochengxu.html","checksum":"8b9777895c7f9269c267436f1edf35a2"},{"path":"\/template\/register1.html","checksum":"8f273f513168530bd4eb361dcea17306"},{"path":"\/template\/register2.html","checksum":"cbf526bb6b109541bc5ad46f83845c2a"},{"path":"\/template\/register3.html","checksum":"f3b834678978de291046c3aa632bafd5"},{"path":"\/template\/register4.html","checksum":"52c46293efa14e603a036f3f9b9002b7"},{"path":"\/template\/register5.html","checksum":"4ee7d63e2fd8025839b56b28286d25cb"},{"path":"\/template\/register5.html2","checksum":"577962aec506fa2fef2b7c04e93452ba"},{"path":"\/template\/style\/css\/common.css","checksum":"037ca90d465c6eb8ee255020f05d1470"},{"path":"\/template\/style\/css\/style.css","checksum":"eeaf2a1a40a552d97a438b3d7c60763a"},{"path":"\/template\/style\/images\/about_banner.jpg","checksum":"406142c761c1e90bacaea421592c6b8d"},{"path":"\/template\/style\/images\/about_tdimg.png","checksum":"27d084d673906828ec4897933a840ea8"},{"path":"\/template\/style\/images\/about_zsimg.jpg","checksum":"835c12df47b17615b54679d784259364"},{"path":"\/template\/style\/images\/banner.jpg","checksum":"521015e6d5fc1b7a75385cba8edc25ab"},{"path":"\/template\/style\/images\/case_ewm.png","checksum":"a254acba12c42d262eb123594d105748"},{"path":"\/template\/style\/images\/case_img.png","checksum":"eca86da10e1b73fd6cb3f196b3f23b41"},{"path":"\/template\/style\/images\/contact_banner.jpg","checksum":"4ad9dafed93f9d950108f5f1a86dadfb"},{"path":"\/template\/style\/images\/detailimg.jpg","checksum":"33e0645732906411bdbbe6e1b7ad771a"},{"path":"\/template\/style\/images\/dl_ico1.png","checksum":"8e8302851edf6414f481f89c6c23ae73"},{"path":"\/template\/style\/images\/dl_ico2.png","checksum":"0f91b223f70186da585881dcaa9848a3"},{"path":"\/template\/style\/images\/dl_ico3.png","checksum":"619f2fde8f78dfdc5c75fe25a1d4c9a8"},{"path":"\/template\/style\/images\/dl_ico4.png","checksum":"4c78312a8722a1291814dc984a5ff93a"},{"path":"\/template\/style\/images\/dl_ico5.png","checksum":"35d7880e6d6a88772f4168319a8f84cb"},{"path":"\/template\/style\/images\/dl_ico6.png","checksum":"be026b45fe31c2e97b16f44ac634e628"},{"path":"\/template\/style\/images\/dz_banner.jpg","checksum":"2f63f8633e3d2fd8ade51164f3fd3b7b"},{"path":"\/template\/style\/images\/dz_lcimg.jpg","checksum":"9f0c1386968b36740473defef98030eb"},{"path":"\/template\/style\/images\/dz_weico1.png","checksum":"bf7dfa6282a3025665cbdaa3a2077f6b"},{"path":"\/template\/style\/images\/dz_weico2.png","checksum":"78af30b5cd174b8d1422b7238809eec9"},{"path":"\/template\/style\/images\/dz_weico3.png","checksum":"25874af2fa26018417a8fb76a311e1a0"},{"path":"\/template\/style\/images\/dz_weico4.png","checksum":"f3b4e05da3200466d29c55dd0e80cb1f"},{"path":"\/template\/style\/images\/dz_weico5.png","checksum":"e01ec8294a5200f874c08d0cf975ed7c"},{"path":"\/template\/style\/images\/dz_weicobg.png","checksum":"b596ce3b1ca460a0d95a943b11b1204b"},{"path":"\/template\/style\/images\/fix_ico.png","checksum":"026a2d4daccdb298f1d66e5f75f7f894"},{"path":"\/template\/style\/images\/fix_jtico.png","checksum":"65e7de26cf8b13efc91be730ad92e639"},{"path":"\/template\/style\/images\/foot_ewm.png","checksum":"4f958d1637eee9aa75b4b7c7b3d0a4b5"},{"path":"\/template\/style\/images\/foot_icoemail.png","checksum":"1049b9e1bc5c71f906539b5758cf77f9"},{"path":"\/template\/style\/images\/foot_icomap.png","checksum":"f491898de17cc8c31f91822c05df084e"},{"path":"\/template\/style\/images\/foot_icotel.png","checksum":"f1323dda27c13890d6c182f15a698098"},{"path":"\/template\/style\/images\/ga.png","checksum":"d0289dc0a46fc5b15b3363ffa78cf6c7"},{"path":"\/template\/style\/images\/help_banner.jpg","checksum":"9d72542ec414fb81b449128c20b2145d"},{"path":"\/template\/style\/images\/help_cimg.jpg","checksum":"59530267fb6fab263ddf3336f36f54b0"},{"path":"\/template\/style\/images\/jjfa_banner.jpg","checksum":"807df9426e4866a103d04e41f0df2803"},{"path":"\/template\/style\/images\/jjfa_ico1.png","checksum":"eb3d65f1081b79d9f5491efa67a0e550"},{"path":"\/template\/style\/images\/jjfa_ico2.png","checksum":"d80ea5730e8deb91f2a48b04510e7354"},{"path":"\/template\/style\/images\/jjfa_img.jpg","checksum":"ad277321214f13da7c3f8d8045ee93ee"},{"path":"\/template\/style\/images\/lc_bg.png","checksum":"6f2100dd5ddc41514fc0a04c90fe5060"},{"path":"\/template\/style\/images\/lc_ico1.png","checksum":"70a3921d3d77c14c80ed67fd85f9908f"},{"path":"\/template\/style\/images\/lc_ico2.png","checksum":"75686f21ca7f1c249bd8f6f4127db426"},{"path":"\/template\/style\/images\/lc_ico3.png","checksum":"b96970eddbd8969896a5f23264a4a2f4"},{"path":"\/template\/style\/images\/lc_ico4.png","checksum":"b405c8636653bfb0c7d1892f8334730c"},{"path":"\/template\/style\/images\/lc_ico5.png","checksum":"347a44453b10cbec011addc7801f09e9"},{"path":"\/template\/style\/images\/logo.png","checksum":"8c113df7a0a6cf4391bc1c17b103d18b"},{"path":"\/template\/style\/images\/logo2.png","checksum":"f1a0a8ae57ad653f90715b7cc0f78b06"},{"path":"\/template\/style\/images\/map.jpg","checksum":"61ac7ca97907dbf24786dfcff2ce20ff"},{"path":"\/template\/style\/images\/mod_banner.jpg","checksum":"ec5b0622a92164324ef185fcc9cac1b0"},{"path":"\/template\/style\/images\/nav_ico.png","checksum":"6204ef8441a61c72f16df24e7b3a917e"},{"path":"\/template\/style\/images\/nav_ico2.png","checksum":"8870c939700c985135d3b0c7ae0a68ae"},{"path":"\/template\/style\/images\/news_banner.jpg","checksum":"01d0d566775a98f2bedb334d42d4df6a"},{"path":"\/template\/style\/images\/page_lico.png","checksum":"967241e81f2667f34bd9100ba24a3195"},{"path":"\/template\/style\/images\/page_rico.png","checksum":"25099a33b3c844ad01f61ac49a9eedd4"},{"path":"\/template\/style\/images\/sevice_icon1.png","checksum":"7b36ad0d14c1be14f0da2aec712cda9a"},{"path":"\/template\/style\/images\/sevice_icon2.png","checksum":"c0466d91af80c80478143b4b3366dc61"},{"path":"\/template\/style\/images\/sevice_icon3.png","checksum":"038b1151303c80cf15052a34e321167b"},{"path":"\/template\/style\/images\/sevice_icon4.png","checksum":"7cf248b4e909058c75587cc50f32a9d0"},{"path":"\/template\/style\/images\/ssico.png","checksum":"00abce3d57f7c4d4ddb4c90b95515105"},{"path":"\/template\/style\/images\/xcx_syico1.png","checksum":"e937be1d68c0b480831928714971433e"},{"path":"\/template\/style\/images\/xcx_syico10.png","checksum":"e0500af8ffb638c738f4d23a8a0e42bc"},{"path":"\/template\/style\/images\/xcx_syico11.png","checksum":"6c0926d132104bb7f40ca83afaaf7233"},{"path":"\/template\/style\/images\/xcx_syico12.png","checksum":"89b3f2e7c36da17f558464500569d904"},{"path":"\/template\/style\/images\/xcx_syico2.png","checksum":"8867df135ff3c02d5be6d896fe04945b"},{"path":"\/template\/style\/images\/xcx_syico3.png","checksum":"c9e8f5e5ea44a9641a80c9567a606d5f"},{"path":"\/template\/style\/images\/xcx_syico4.png","checksum":"8eefb43e954b8cc2e3aaa0e61393f565"},{"path":"\/template\/style\/images\/xcx_syico5.png","checksum":"6a248224dd693b2410a4c9989d3654aa"},{"path":"\/template\/style\/images\/xcx_syico6.png","checksum":"19abbe15dde420f6f764ffd9c2d369e5"},{"path":"\/template\/style\/images\/xcx_syico7.png","checksum":"4d71d79a87f5a8db362d4a57e2e4ffe5"},{"path":"\/template\/style\/images\/xcx_syico8.png","checksum":"a2addbc5043f8dc8ba4e3df94598f764"},{"path":"\/template\/style\/images\/xcx_syico9.png","checksum":"6861bb7b86593699670931e575574426"},{"path":"\/template\/style\/images\/xcx_xwico1.png","checksum":"62fd4c42d2d5e0a98b1ad2fb43316c3c"},{"path":"\/template\/style\/images\/xcx_xwico2.png","checksum":"79e656b850bcade08d9b3a150d070868"},{"path":"\/template\/style\/images\/xcx_xwico3.png","checksum":"a917fa640b39ebead950f5983b1dcbc0"},{"path":"\/template\/style\/images\/xcx_xwico4.png","checksum":"911893f808ade87ee2053bf4d8998aa4"},{"path":"\/template\/style\/images\/xcx_xwico5.png","checksum":"64e914157539831b96ffa089d897069b"},{"path":"\/template\/style\/images\/xcx_xwico6.png","checksum":"15f54eb39725fd272dfa62e15f2856c4"},{"path":"\/template\/style\/images\/xcx_xwico7.png","checksum":"65ef347f8234451a1fc3cea4c4f86945"},{"path":"\/template\/style\/images\/xcx_xwico8.png","checksum":"c4f79549f3af61da0ff5b4dd2f0af701"},{"path":"\/template\/style\/images\/xcx_xwico9.png","checksum":"42dd8f8950e37bef5cba14a5f6d58a62"},{"path":"\/template\/style\/images\/xiaochengxu_banner.jpg","checksum":"187dcbc352243975fcefbe900f52c1c2"},{"path":"\/template\/style\/js\/comloding.js","checksum":"29940393b568b97e60f2faf2dbe35e4b"},{"path":"\/template\/style\/js\/common.js","checksum":"4c2ff5f048afcc8ed8952a838d4eb0c6"},{"path":"\/template\/style\/js\/html5.js","checksum":"68f15f05498e6a70a711ab555ac1dc28"},{"path":"\/template\/style\/js\/jquery.js","checksum":"e0a832c7355cfc8c8d8a71e50ca19594"},{"path":"\/template\/style\/js\/jquery.lazyload.js","checksum":"8acc475bd9d4b36dbb1cd6a802fb32f2"},{"path":"\/template\/style\/js\/jquery.SuperSlide.2.1.1.js","checksum":"cd674d9e02f20426d9acf1d11c85539b"},{"path":"\/template\/style\/js\/TouchSlide.1.1.js","checksum":"5fa84b27e701628a594a48af5276311f"},{"path":"\/template\/style\/js\/wow.min.js","checksum":"881108db73017eb540ac70a8ba64869a"},{"path":"\/template\/webset.html","checksum":"0f479aa516daec5aa01f8e0040c44b1f"},{"path":"\/template\/welcome.html","checksum":"9af5bea107f107f55ce74c3b755d5400"},{"path":"\/template\/xzapp\/default\/index.html","checksum":"b6fb6282d0a538c1e230d564ef979ca3"},{"path":"\/template\/xzapp\/index.html","checksum":"770412315636dcc3f664f27bbc3ddfc3"},{"path":"\/uninstall.php","checksum":"faa53e1efa1e9ad1a662184b2fc6682d"},{"path":"\/upgrade.php","checksum":"5918465d0403c201562c8af0ba814768"},{"path":"\/webapp.php","checksum":"fd63438b8504861e654fda4455d7276e"},{"path":"\/xzapp.php","checksum":"4aec27ec31d0ce90fa6e39c55b77697b"},{"path":"\/systemWelcome.php","checksum":"6d4648969b59f367f37378e0f9aafa82"}]